ts,gpu_index,name,util_gpu_pct,temp_c,power_w,graphics_clock_mhz,sm_clock_mhz,mem_clock_mhz,mem_used_mib,mem_total_mib
2026-07-01T19:47:06.039732+00:00,0,NVIDIA GB10,0,51,13.30,2405,2405,,,
2026-07-01T19:47:08.069177+00:00,0,NVIDIA GB10,74,54,26.50,2528,2528,,,
2026-07-01T19:47:10.116817+00:00,0,NVIDIA GB10,72,54,26.73,2528,2528,,,
2026-07-01T19:47:12.166052+00:00,0,NVIDIA GB10,73,55,26.67,2528,2528,,,
2026-07-01T19:47:14.217708+00:00,0,NVIDIA GB10,71,55,26.86,2528,2528,,,
2026-07-01T19:47:16.274828+00:00,0,NVIDIA GB10,75,56,26.81,2528,2528,,,
2026-07-01T19:47:18.327290+00:00,0,NVIDIA GB10,73,56,26.88,2528,2528,,,
2026-07-01T19:47:20.378560+00:00,0,NVIDIA GB10,75,56,26.88,2528,2528,,,
2026-07-01T19:47:22.431246+00:00,0,NVIDIA GB10,91,57,28.74,2522,2522,,,
2026-07-01T19:47:24.495138+00:00,0,NVIDIA GB10,72,57,26.91,2528,2528,,,
2026-07-01T19:47:26.548171+00:00,0,NVIDIA GB10,70,57,27.53,2528,2528,,,
2026-07-01T19:47:28.616339+00:00,0,NVIDIA GB10,74,57,27.07,2528,2528,,,
2026-07-01T19:47:30.664383+00:00,0,NVIDIA GB10,74,58,28.62,2528,2528,,,
2026-07-01T19:47:32.715786+00:00,0,NVIDIA GB10,72,58,28.65,2522,2522,,,
2026-07-01T19:47:34.768981+00:00,0,NVIDIA GB10,73,58,27.10,2528,2528,,,
2026-07-01T19:47:36.817716+00:00,0,NVIDIA GB10,73,58,28.35,2522,2522,,,
2026-07-01T19:47:38.866788+00:00,0,NVIDIA GB10,74,58,27.27,2528,2528,,,
2026-07-01T19:47:40.917739+00:00,0,NVIDIA GB10,73,58,27.00,2528,2528,,,
2026-07-01T19:47:42.968918+00:00,0,NVIDIA GB10,74,59,27.29,2528,2528,,,
2026-07-01T19:47:45.021232+00:00,0,NVIDIA GB10,73,59,27.23,2528,2528,,,
2026-07-01T19:47:47.073050+00:00,0,NVIDIA GB10,75,59,28.50,2528,2528,,,
2026-07-01T19:47:49.124001+00:00,0,NVIDIA GB10,88,61,28.93,2522,2522,,,
2026-07-01T19:47:51.190935+00:00,0,NVIDIA GB10,74,59,27.26,2528,2528,,,
2026-07-01T19:47:53.242090+00:00,0,NVIDIA GB10,75,60,28.71,2522,2522,,,
2026-07-01T19:47:55.297735+00:00,0,NVIDIA GB10,73,59,27.08,2528,2528,,,
2026-07-01T19:47:57.349675+00:00,0,NVIDIA GB10,74,60,28.18,2522,2522,,,
2026-07-01T19:47:59.420276+00:00,0,NVIDIA GB10,72,60,27.38,2528,2528,,,
2026-07-01T19:48:01.472631+00:00,0,NVIDIA GB10,72,60,27.42,2528,2528,,,
2026-07-01T19:48:03.530108+00:00,0,NVIDIA GB10,71,60,28.15,2528,2528,,,
2026-07-01T19:48:05.607644+00:00,0,NVIDIA GB10,73,60,27.43,2528,2528,,,
2026-07-01T19:48:07.661976+00:00,0,NVIDIA GB10,74,60,27.45,2528,2528,,,
2026-07-01T19:48:09.713864+00:00,0,NVIDIA GB10,72,60,27.99,2528,2528,,,
2026-07-01T19:48:11.786915+00:00,0,NVIDIA GB10,73,60,27.47,2528,2528,,,
2026-07-01T19:48:13.840414+00:00,0,NVIDIA GB10,72,60,27.55,2528,2528,,,
2026-07-01T19:48:15.895158+00:00,0,NVIDIA GB10,74,61,27.56,2528,2528,,,
2026-07-01T19:48:17.949585+00:00,0,NVIDIA GB10,74,61,27.56,2522,2522,,,
2026-07-01T19:48:19.999477+00:00,0,NVIDIA GB10,74,61,27.53,2522,2522,,,
2026-07-01T19:48:22.052418+00:00,0,NVIDIA GB10,74,61,28.52,2522,2522,,,
2026-07-01T19:48:24.105760+00:00,0,NVIDIA GB10,73,61,27.64,2528,2528,,,
2026-07-01T19:48:26.159164+00:00,0,NVIDIA GB10,86,61,30.22,2528,2528,,,
2026-07-01T19:48:28.204705+00:00,0,NVIDIA GB10,73,61,27.64,2528,2528,,,
2026-07-01T19:48:30.256708+00:00,0,NVIDIA GB10,74,61,29.07,2522,2522,,,
2026-07-01T19:48:32.307405+00:00,0,NVIDIA GB10,74,61,27.65,2528,2528,,,
2026-07-01T19:48:34.359723+00:00,0,NVIDIA GB10,71,61,27.60,2522,2522,,,
2026-07-01T19:48:36.412060+00:00,0,NVIDIA GB10,73,61,27.69,2528,2528,,,
2026-07-01T19:48:38.463403+00:00,0,NVIDIA GB10,74,62,27.80,2528,2528,,,
2026-07-01T19:48:40.511276+00:00,0,NVIDIA GB10,74,62,27.78,2522,2522,,,
2026-07-01T19:48:42.561992+00:00,0,NVIDIA GB10,75,62,27.90,2528,2528,,,
2026-07-01T19:48:44.616649+00:00,0,NVIDIA GB10,73,62,27.73,2528,2528,,,
2026-07-01T19:48:46.667078+00:00,0,NVIDIA GB10,74,62,27.71,2522,2522,,,
2026-07-01T19:48:48.719496+00:00,0,NVIDIA GB10,75,62,27.91,2528,2528,,,
2026-07-01T19:48:50.777141+00:00,0,NVIDIA GB10,74,62,29.18,2522,2522,,,
2026-07-01T19:48:52.830937+00:00,0,NVIDIA GB10,96,63,29.01,2515,2515,,,
2026-07-01T19:48:54.887789+00:00,0,NVIDIA GB10,75,62,27.86,2522,2522,,,
2026-07-01T19:48:56.939918+00:00,0,NVIDIA GB10,74,62,27.79,2509,2509,,,
2026-07-01T19:48:58.991611+00:00,0,NVIDIA GB10,73,62,27.90,2509,2509,,,
2026-07-01T19:49:01.046124+00:00,0,NVIDIA GB10,74,62,29.20,2528,2528,,,
2026-07-01T19:49:03.092764+00:00,0,NVIDIA GB10,73,62,27.76,2528,2528,,,
2026-07-01T19:49:05.140893+00:00,0,NVIDIA GB10,72,62,29.49,2509,2509,,,
2026-07-01T19:49:07.192536+00:00,0,NVIDIA GB10,73,62,27.75,2509,2509,,,
2026-07-01T19:49:09.241647+00:00,0,NVIDIA GB10,74,62,27.78,2509,2509,,,
2026-07-01T19:49:11.294493+00:00,0,NVIDIA GB10,73,63,30.60,2509,2509,,,
2026-07-01T19:49:13.342276+00:00,0,NVIDIA GB10,73,63,27.73,2509,2509,,,
2026-07-01T19:49:15.389778+00:00,0,NVIDIA GB10,96,63,29.16,2509,2509,,,
2026-07-01T19:49:17.449232+00:00,0,NVIDIA GB10,75,63,27.86,2509,2509,,,
2026-07-01T19:49:19.506809+00:00,0,NVIDIA GB10,74,63,27.83,2509,2509,,,
2026-07-01T19:49:21.554962+00:00,0,NVIDIA GB10,74,63,29.00,2502,2502,,,
2026-07-01T19:49:23.606473+00:00,0,NVIDIA GB10,74,63,27.75,2509,2509,,,
2026-07-01T19:49:25.659705+00:00,0,NVIDIA GB10,74,63,27.82,2509,2509,,,
2026-07-01T19:49:27.712830+00:00,0,NVIDIA GB10,73,63,29.30,2509,2509,,,
2026-07-01T19:49:29.764506+00:00,0,NVIDIA GB10,77,63,28.49,2502,2502,,,
2026-07-01T19:49:31.818337+00:00,0,NVIDIA GB10,77,63,29.79,2496,2496,,,
